{
  "project_info": {
    "project_number": "250277356402",
    "project_id": "bluejack-pharmacy-96ec4",
    "storage_bucket": "bluejack-pharmacy-96ec4.appspot.com"
  },
  "client": [
    {
      "client_info": {
        "mobilesdk_app_id": "1:250277356402:android:20f798a900cbdf22b033eb",
        "android_client_info": {
          "package_name": "com.example.bluejackpharmacy"
        }
      },
      "oauth_client": [
        {
          "client_id": "250277356402-5dkc1umggnvascq8d4v4r9fqih7mnuv1.apps.googleusercontent.com",
          "client_type": 3
        }
      ],
      "api_key": [
        {
          "current_key": "AIzaSyB8ORiNx2Ief8EScbO0HiD6fy_BrBwpI8k"
        }
      ],
      "services": {
        "appinvite_service": {
          "other_platform_oauth_client": [
            {
              "client_id": "250277356402-5dkc1umggnvascq8d4v4r9fqih7mnuv1.apps.googleusercontent.com",
              "client_type": 3
            }
          ]
        }
      }
    }
  ],
  "configuration_version": "1"
}